,VisitNumber,TripType
0,87,25
1,361,25
2,385,25
3,413,25
4,462,25
5,943,25
6,1021,7
7,1117,25
8,1184,25
9,1187,38
10,1187,25
11,1381,25
12,1673,25
13,1720,38
14,1723,25
15,1723,25
16,1895,7
17,1966,7
18,1992,38
19,1992,25
20,2001,25
21,2037,25
22,2070,25
23,2078,25
24,2078,25
25,2078,38
26,2232,25
27,2270,25
28,2338,25
29,2394,25
30,2424,38
31,2424,25
32,2626,25
33,2679,38
34,2691,25
35,2745,25
36,2881,25
37,2881,38
38,2895,7
39,2938,25
40,3229,25
41,3380,25
42,3475,25
43,3511,25
44,3511,25
45,3650,25
46,3650,38
47,3651,25
48,3676,25
49,3687,25
50,3687,25
51,3711,7
52,3734,7
53,3812,25
54,3888,25
55,3901,38
56,3901,25
57,3910,25
58,3912,25
59,4025,38
60,4212,25
61,4262,25
62,4287,25
63,4287,25
64,4445,38
65,4452,25
66,4461,38
67,4461,25
68,4633,25
69,4717,25
70,4852,25
71,4852,25
72,4900,7
73,4900,25
74,4955,38
75,4961,25
76,5034,25
77,5132,25
78,5244,25
79,5282,25
80,5286,25
81,5348,25
82,5349,25
83,5350,38
84,5350,25
85,5493,25
86,5496,25
87,5535,25
88,5548,25
89,5552,7
90,5564,38
91,5606,38
92,5620,38
93,5620,38
94,5620,25
95,5744,38
96,5794,25
97,5854,25
98,5854,25
99,5856,25
100,5883,25
101,5950,25
102,5989,25
103,6079,25
104,6103,25
105,6413,7
106,6413,7
107,6888,25
108,6889,25
109,7016,7
110,7058,7
111,7433,38
112,7433,38
113,7445,25
114,7700,25
115,7730,38
116,7789,25
117,7892,7
118,7892,25
119,7892,25
120,7995,25
121,8048,7
122,8086,7
123,8204,38
124,8204,25
125,8217,7
126,8226,7
127,8226,7
128,8277,25
129,8354,38
130,8371,25
131,8494,25
132,8665,25
133,8665,38
134,8742,25
135,8861,38
136,8861,38
137,8899,25
138,8927,25
139,8976,7
140,9086,25
141,9441,7
142,9492,38
143,9572,38
144,9572,25
145,9602,25
146,9602,25
147,9705,25
148,9721,7
149,9721,7
150,9721,7
151,9839,38
152,9946,7
153,9956,25
154,9977,7
155,10080,25
156,10083,38
157,10083,38
158,10127,7
159,10127,38
160,10186,25
161,10305,25
162,10358,25
163,10372,7
164,10372,38
165,10373,25
166,10589,7
167,10607,7
168,10607,25
169,10788,7
170,10836,25
171,10959,7
172,10998,25
173,10998,25
174,11010,25
175,11010,38
176,11018,25
177,11058,38
178,11142,25
179,11228,38
180,11294,25
181,11375,7
182,11375,25
183,11375,7
184,11558,7
185,11590,25
186,11818,38
187,11935,25
188,11936,25
189,12162,25
190,12201,25
191,12201,25
192,12201,25
193,12211,38
194,12330,25
195,12430,7
196,12520,25
197,12721,38
198,12721,38
199,12721,7
200,12732,38
201,12831,25
202,12887,25
203,12887,38
204,12958,7
205,12967,25
206,13173,25
207,13260,7
208,13340,7
209,13356,38
210,13368,38
211,13368,7
212,13411,25
213,13493,7
214,13593,25
215,13632,25
216,13632,25
217,13752,25
218,13769,25
219,13787,7
220,13787,38
221,13884,38
222,13884,7
223,13960,25
224,14134,38
225,14143,7
226,14196,25
227,14203,7
228,14216,7
229,14295,38
230,14295,25
231,14359,38
232,14373,25
233,14391,7
234,14436,25
235,14463,7
236,14653,25
237,14830,7
238,14844,25
239,14986,38
240,15016,7
241,15036,25
242,15036,25
243,15037,38
244,15037,25
245,15222,38
246,15412,25
247,15600,25
248,15621,7
249,15807,25
250,15815,25
251,15815,25
252,15940,7
253,15945,7
254,15977,25
255,16063,25
256,16264,25
257,16360,38
258,16499,25
259,16499,7
260,16499,7
261,16510,7
262,16515,7
263,16597,25
264,16659,7
265,16842,7
266,16926,25
267,16964,25
268,17037,25
269,17081,7
270,17119,25
271,17224,38
272,17298,7
273,17353,25
274,17377,7
275,17385,25
276,17466,25
277,17543,25
278,17556,25
279,17573,7
280,17656,7
281,17731,25
282,17884,7
283,17928,25
284,17942,38
285,17942,38
286,17942,38
287,17947,7
288,18064,25
289,18064,25
290,18064,25
291,18095,25
292,18095,38
293,18251,7
294,18342,7
295,18379,38
296,18385,25
297,18398,38
298,18406,25
299,18525,25
300,18843,38
301,18932,25
302,18960,38
303,19054,7
304,19097,25
305,19152,7
306,19152,38
307,19286,38
308,19290,38
309,19323,38
310,19352,38
311,19481,7
312,19498,38
313,19526,7
314,19589,25
315,19616,38
316,19624,38
317,19676,38
318,19680,7
319,19691,38
320,19692,25
321,19709,38
322,19728,25
323,19829,38
324,19924,7
325,19924,38
326,20039,25
327,20128,25
328,20296,38
329,20311,38
330,20317,25
331,20317,25
332,20318,38
333,20318,25
334,20318,38
335,20431,7
336,20434,25
337,20457,25
338,20566,38
339,20566,38
340,20599,38
341,20751,25
342,20764,25
343,20805,38
344,20893,7
345,20933,25
346,21010,38
347,21038,38
348,21080,25
349,21204,38
350,21204,25
351,21239,25
352,21320,25
353,21409,7
354,21467,38
355,21484,7
356,21484,25
357,21552,25
358,21628,25
359,21688,7
360,21700,38
361,21700,38
362,21711,25
363,21736,25
364,21736,25
365,21811,25
366,21811,25
367,21841,25
368,21928,7
369,22040,25
370,22064,25
371,22064,38
372,22064,25
373,22103,7
374,22110,25
375,22227,25
376,22227,7
377,22230,38
378,22366,7
379,22429,25
380,22429,25
381,22569,25
382,22616,25
383,22727,7
384,22742,25
385,22765,25
386,22852,25
387,22861,38
388,22999,7
389,23013,25
390,23036,25
391,23040,38
392,23160,38
393,23199,38
394,23201,25
395,23352,25
396,23445,7
397,23452,25
398,23519,38
399,23543,7
400,23785,25
401,23816,25
402,23924,25
403,24051,38
404,24186,25
405,24186,38
406,24271,38
407,24337,25
408,24344,25
409,24422,25
410,24422,7
411,24427,25
412,24590,25
413,24810,25
414,24827,38
415,24964,25
416,25121,25
417,25121,38
418,25277,7
419,25485,38
420,25506,25
421,25521,25
422,25538,7
423,25560,38
424,25576,7
425,25669,7
426,25673,25
427,25678,38
428,25875,38
429,25925,7
430,25986,25
431,26096,38
432,26123,25
433,26237,25
434,26334,25
435,26384,38
436,26555,38
437,26629,7
438,26791,25
439,26845,38
440,26924,38
441,27084,38
442,27102,38
443,27102,7
444,27121,25
445,27200,7
446,27434,7
447,27434,38
448,27453,38
449,27492,38
450,27503,38
451,27503,25
452,27521,25
453,27530,7
454,27645,38
455,27690,25
456,27697,7
457,27697,7
458,27917,7
459,27961,38
460,28020,38
461,28029,25
462,28037,7
463,28062,38
464,28087,25
465,28104,25
466,28167,38
467,28257,7
468,28257,25
469,28355,7
470,28382,38
471,28382,38
472,28458,25
473,28535,7
474,28535,7
475,28556,7
476,28684,38
477,28708,7
478,28719,38
479,28719,25
480,28719,38
481,28720,7
482,28736,25
483,28927,7
484,28933,38
485,29386,7
486,29628,38
487,29664,38
488,29690,25
489,29690,25
490,29800,38
491,29800,25
492,29800,38
493,29800,38
494,29830,7
495,29970,25
496,30045,25
497,30045,7
498,30248,38
499,30248,25
500,30280,38
501,30280,7
502,30289,38
503,30289,25
504,30448,7
505,30539,7
506,30646,38
507,30732,25
508,30787,38
509,30843,25
510,31172,38
511,31194,7
512,31194,25
513,31320,25
514,31371,25
515,31531,25
516,31602,7
517,31718,38
518,31728,25
519,31826,25
520,31828,38
521,31828,38
522,31846,25
523,31872,25
524,31872,25
525,31896,7
526,32067,38
527,32143,7
528,32321,25
529,32321,25
530,32498,25
531,32540,25
532,32594,38
533,32623,38
534,32721,7
535,32748,7
536,32771,38
537,32780,38
538,32801,25
539,32992,25
540,33075,25
541,33135,38
542,33400,25
543,33526,25
544,33657,38
545,33754,38
546,33764,38
547,34162,25
548,34207,7
549,34260,25
550,34305,25
551,34412,7
552,34508,7
553,34539,25
554,34539,38
555,34606,38
556,34617,25
557,34642,38
558,34714,25
559,34726,7
560,34795,7
561,35012,7
562,35397,25
563,35520,7
564,35539,25
565,35574,25
566,35589,7
567,35631,25
568,35896,38
569,35913,38
570,36283,38
571,36509,38
572,36527,38
573,36588,25
574,36602,7
575,36764,7
576,36779,25
577,36884,25
578,36930,7
579,37022,25
580,37386,7
581,37424,38
582,37496,38
583,37541,38
584,37561,25
585,37650,38
586,37655,25
587,37668,25
588,37668,25
589,37668,25
590,37754,25
591,37870,7
592,37982,38
593,38052,25
594,38203,38
595,38203,38
596,38203,38
597,38243,25
598,38243,38
599,38282,7
600,38377,25
601,38476,38
602,38536,25
603,38536,38
604,38536,38
605,38731,25
606,38920,25
607,39086,7
608,39086,25
609,39205,25
610,39216,38
611,39332,25
612,39350,25
613,39391,25
614,39436,38
615,39438,38
616,39579,25
617,39732,25
618,39735,7
619,39744,38
620,39767,38
621,39767,7
622,39867,25
623,39903,38
624,39933,25
625,39972,25
626,40047,25
627,40097,38
628,40177,25
629,40343,38
630,40352,25
631,40376,25
632,40382,25
633,40411,25
634,40510,38
635,40510,38
636,40834,7
637,40912,7
638,41106,38
639,41152,25
640,41218,25
641,41300,7
642,41375,7
643,41379,25
644,41405,38
645,41436,25
646,41501,7
647,41540,38
648,41607,38
649,41622,7
650,41948,7
651,41961,25
652,42336,25
653,42865,38
654,42898,38
655,42898,7
656,42907,38
657,42907,25
658,42941,38
659,43041,7
660,43091,25
661,43114,25
662,43133,7
663,43133,7
664,43133,38
665,43160,38
666,43253,38
667,43310,25
668,43323,25
669,43336,25
670,43457,25
671,43472,38
672,43472,25
673,43533,25
674,43585,25
675,43616,25
676,43931,7
677,44012,25
678,44117,7
679,44126,25
680,44169,25
681,44461,25
682,44494,7
683,44529,25
684,44900,25
685,44945,25
686,44999,25
687,45104,7
688,45179,25
689,45190,25
690,45190,7
691,45283,25
692,45310,25
693,45369,25
694,45617,38
695,45617,25
696,45635,25
697,45755,25
698,45755,25
699,45885,25
700,45890,25
701,46079,25
702,46259,7
703,46425,25
704,46425,25
705,46425,25
706,46425,25
707,46435,25
708,46524,7
709,46544,25
710,46545,25
711,46561,7
712,46591,7
713,46689,25
714,46706,25
715,46764,25
716,46856,25
717,46925,38
718,46930,7
719,46930,38
720,46956,25
721,46997,25
722,47013,25
723,47115,25
724,47245,25
725,47349,25
726,47590,25
727,47595,25
728,47616,25
729,47616,25
730,47803,25
731,47803,25
732,47803,25
733,48040,25
734,48054,25
735,48148,25
736,48218,25
737,48302,25
738,48311,25
739,48316,25
740,48316,7
741,48416,25
742,48490,7
743,48490,7
744,48938,25
745,49007,25
746,49007,25
747,49076,25
748,49428,7
749,49657,25
750,49658,25
751,49773,25
752,49948,38
753,50050,25
754,50052,7
755,50052,25
756,50083,25
757,50164,25
758,50164,25
759,50190,25
760,50430,25
761,50469,25
762,50723,7
763,50728,38
764,50728,25
765,50743,25
766,50822,25
767,50895,7
768,50907,25
769,50919,25
770,51011,25
771,51015,25
772,51135,25
773,51169,38
774,51169,38
775,51169,25
776,51169,38
777,51228,25
778,51340,25
779,51392,38
780,51398,25
781,51677,7
782,51723,25
783,51788,25
784,51826,25
785,51826,38
786,51828,38
787,51828,25
788,51870,25
789,51916,25
790,51944,38
791,52056,25
792,52189,25
793,52350,25
794,52350,25
795,52470,7
796,52557,7
797,52610,25
798,52713,38
799,52744,38
800,52835,25
801,52868,7
802,52945,25
803,53328,25
804,53381,25
805,53424,7
806,53439,25
807,53575,38
808,53654,25
809,53688,25
810,53688,25
811,53732,25
812,53735,7
813,53735,7
814,53735,25
815,53735,25
816,53799,25
817,53924,25
818,53924,25
819,53969,7
820,53988,25
821,54314,38
822,54314,25
823,54414,38
824,54414,7
825,54488,7
826,54533,38
827,54674,25
828,54693,25
829,54693,25
830,54736,7
831,54869,25
832,54870,7
833,54870,25
834,54894,25
835,54900,7
836,54923,38
837,55082,7
838,55136,7
839,55145,7
840,55145,38
841,55432,25
842,55484,25
843,55588,38
844,55633,38
845,55728,25
846,55876,25
847,55924,25
848,55941,7
849,56016,38
850,56090,25
851,56125,25
852,56190,25
853,56280,25
854,56387,38
855,56519,7
856,56519,25
857,56519,25
858,56619,38
859,56664,25
860,56664,38
861,56722,25
862,56737,25
863,56834,38
864,56898,25
865,56908,38
866,56966,38
867,56991,25
868,57016,25
869,57347,25
870,57353,7
871,57362,38
872,57392,25
873,57407,25
874,57483,7
875,57488,38
876,57494,25
877,57882,25
878,57921,7
879,57921,7
880,57928,38
881,57960,38
882,57996,7
883,58047,7
884,58385,7
885,58408,25
886,58463,25
887,58524,7
888,58530,25
889,58530,25
890,58561,25
891,58631,7
892,58631,7
893,58806,7
894,58828,25
895,58930,25
896,59129,38
897,59187,7
898,59427,38
899,59752,25
900,59912,25
901,59967,25
902,60179,7
903,60213,38
904,60298,25
905,60478,38
906,60665,7
907,60711,7
908,61312,25
909,61319,25
910,61336,25
911,61373,38
912,61379,7
913,61379,25
914,61397,7
915,61481,7
916,61533,38
917,61537,7
918,61706,25
919,61731,7
920,61742,25
921,61770,25
922,61835,25
923,62033,38
924,62067,25
925,62079,25
926,62121,25
927,62128,7
928,62133,38
929,62217,38
930,62286,25
931,62355,38
932,62389,7
933,62389,7
934,62471,38
935,62531,7
936,62595,25
937,62714,25
938,62714,25
939,62799,38
940,62799,25
941,62799,7
942,62799,38
943,63083,38
944,63146,38
945,63146,25
946,63176,7
947,63238,25
948,63508,38
949,63597,38
950,63643,7
951,63681,7
952,63771,25
953,63852,38
954,63852,7
955,63931,25
956,64007,7
957,64007,7
958,64179,7
959,64335,25
960,64476,38
961,64545,25
962,64706,25
963,64718,25
964,64806,7
965,64852,7
966,64852,25
967,64902,25
968,64911,25
969,64944,38
970,64956,25
971,65016,7
972,65102,7
973,65155,25
974,65213,25
975,65226,25
976,65345,25
977,65390,25
978,65390,25
979,65390,25
980,65390,38
981,65397,38
982,65452,25
983,65464,7
984,65473,38
985,65566,25
986,65566,25
987,65707,25
988,65727,38
989,65795,38
990,65802,38
991,65802,25
992,66002,25
993,66085,25
994,66197,25
995,66268,38
996,66268,38
997,66292,25
998,66624,7
999,66840,38
1000,66923,25
1001,67009,25
1002,67031,25
1003,67031,38
1004,67241,25
1005,67328,25
1006,67334,25
1007,67392,7
1008,67416,25
1009,67582,25
1010,67700,38
1011,67895,38
1012,67895,25
1013,67895,25
1014,68014,38
1015,68116,25
1016,68116,25
1017,68118,25
1018,68118,38
1019,68134,25
1020,68304,25
1021,68306,25
1022,68367,38
1023,68367,25
1024,68490,25
1025,68529,7
1026,68540,25
1027,68540,25
1028,68563,25
1029,68631,25
1030,68652,25
1031,68945,25
1032,69031,7
1033,69102,25
1034,69138,7
1035,69192,25
1036,69426,7
1037,69426,25
1038,69482,25
1039,69501,7
1040,69600,7
1041,69722,38
1042,69849,25
1043,69884,7
1044,69944,25
1045,70054,25
1046,70122,7
1047,70160,25
1048,70191,7
1049,70256,25
1050,70306,25
1051,70323,7
1052,70388,25
1053,70408,25
1054,70443,7
1055,70443,7
1056,70574,7
1057,70703,38
1058,70847,25
1059,70852,25
1060,70852,7
1061,71143,38
1062,71143,25
1063,71288,25
1064,71308,38
1065,71496,38
1066,71501,25
1067,71511,25
1068,71520,25
1069,71552,7
1070,71552,7
1071,71603,38
1072,71852,7
1073,72012,25
1074,72204,25
1075,72226,7
1076,72235,25
1077,72235,7
1078,72283,25
1079,72376,7
1080,72376,38
1081,72382,7
1082,72438,25
1083,72449,7
1084,72459,25
1085,72460,38
1086,72460,25
1087,72533,7
1088,72533,7
1089,72533,25
1090,72561,25
1091,72696,25
1092,72733,25
1093,72983,38
1094,73159,38
1095,73169,25
1096,73170,38
1097,73260,25
1098,73358,7
1099,73368,25
1100,73420,7
1101,73436,25
1102,73441,25
1103,73580,25
1104,73618,7
1105,73627,38
1106,73627,7
1107,73632,7
1108,73883,25
1109,74044,38
1110,74083,25
1111,74286,25
1112,74485,25
1113,74600,38
1114,74653,38
1115,74707,38
1116,74707,38
1117,74749,38
1118,75022,25
1119,75068,25
1120,75068,25
1121,75068,7
1122,75068,7
1123,75068,25
1124,75105,25
1125,75132,38
1126,75132,38
1127,75145,7
1128,75273,38
1129,75285,7
1130,75285,38
1131,75285,38
1132,75285,38
1133,75305,38
1134,75390,25
1135,75545,7
1136,75545,25
1137,75551,25
1138,75557,25
1139,75647,25
1140,75739,38
1141,75751,7
1142,75894,38
1143,76039,25
1144,76055,38
1145,76190,7
1146,76195,7
1147,76206,38
1148,76441,7
1149,76699,25
1150,76723,38
1151,76733,38
1152,76739,7
1153,76739,38
1154,76772,7
1155,76799,38
1156,76904,25
1157,77055,38
1158,77147,38
1159,77254,25
1160,77386,7
1161,77400,25
1162,77427,25
1163,77432,38
1164,77432,25
1165,77659,25
1166,77703,25
1167,77796,25
1168,77858,25
1169,77884,25
1170,77908,7
1171,77942,38
1172,78035,25
1173,78078,25
1174,78173,7
1175,78173,7
1176,78436,25
1177,78469,25
1178,78711,25
1179,78728,25
1180,78778,38
1181,78794,25
1182,78923,7
1183,79002,25
1184,79017,25
1185,79017,38
1186,79108,38
1187,79163,38
1188,79167,38
1189,79239,25
1190,79416,38
1191,79535,25
1192,79781,25
1193,79810,7
1194,79888,38
1195,80027,38
1196,80062,25
1197,80062,25
1198,80062,25
1199,80070,38
1200,80136,38
1201,80229,7
1202,80249,7
1203,80249,7
1204,80271,25
1205,80338,38
1206,80373,7
1207,80461,38
1208,80488,25
1209,80554,38
1210,80554,38
1211,80616,25
1212,80690,7
1213,80783,25
1214,80793,7
1215,80902,25
1216,80902,38
1217,80942,38
1218,80950,25
1219,81089,38
1220,81306,7
1221,81461,38
1222,81619,7
1223,81672,7
1224,81760,38
1225,82036,7
1226,82092,25
1227,82163,25
1228,82194,25
1229,82274,25
1230,82334,25
1231,82370,38
1232,82487,25
1233,82697,25
1234,82697,25
1235,82873,38
1236,82915,25
1237,82986,25
1238,82986,25
1239,83201,38
1240,83393,25
1241,83410,38
1242,83422,25
1243,83465,25
1244,83520,38
1245,83905,25
1246,83985,7
1247,84205,25
1248,84264,25
1249,84295,25
1250,84307,7
1251,84318,25
1252,84350,7
1253,84350,38
1254,84350,38
1255,84403,38
1256,84469,25
1257,84534,25
1258,84534,38
1259,84601,25
1260,84678,7
1261,84712,25
1262,84742,25
1263,84783,38
1264,84882,25
1265,84958,38
1266,85076,38
1267,85093,38
1268,85111,38
1269,85111,25
1270,85256,7
1271,85256,25
1272,85256,25
1273,85256,7
1274,85277,25
1275,85453,38
1276,85482,38
1277,85797,7
1278,85797,7
1279,85797,7
1280,85848,7
1281,85894,7
1282,85960,7
1283,85968,38
1284,85997,7
1285,86065,25
1286,86068,38
1287,86134,38
1288,86216,38
1289,86337,38
1290,86344,38
1291,86446,25
1292,86480,38
1293,86480,25
1294,86521,25
1295,86541,7
1296,86554,25
1297,86554,38
1298,86587,38
1299,86723,25
1300,86723,38
1301,86729,7
1302,86815,25
1303,86928,25
1304,86928,25
1305,86928,25
1306,87044,7
1307,87144,25
1308,87144,38
1309,87192,25
1310,87358,25
1311,87404,25
1312,87507,25
1313,87507,25
1314,87556,7
1315,87674,7
1316,87674,38
1317,87674,38
1318,87756,25
1319,87851,25
1320,87911,25
1321,88004,25
1322,88241,25
1323,88324,25
1324,88328,25
1325,88328,38
1326,88460,7
1327,88511,25
1328,88511,25
1329,88540,25
1330,88550,25
1331,88586,25
1332,88633,25
1333,88850,25
1334,88852,7
1335,88876,25
1336,88997,25
1337,89038,38
1338,89038,25
1339,89181,25
1340,89181,38
1341,89233,7
1342,89284,25
1343,89372,25
1344,89408,25
1345,89418,25
1346,89469,25
1347,89533,25
1348,89548,7
1349,89609,25
1350,89660,25
1351,89660,7
1352,89686,25
1353,89694,25
1354,89708,25
1355,89708,25
1356,89725,25
1357,89806,38
1358,89811,25
1359,89824,25
1360,89847,25
1361,89899,38
1362,90005,25
1363,90255,25
1364,90270,25
1365,90298,25
1366,90444,25
1367,90448,25
1368,90455,25
1369,90558,25
1370,90625,25
1371,90625,25
1372,90820,25
1373,90820,25
1374,90820,38
1375,90833,25
1376,90935,25
1377,90950,25
1378,90977,25
1379,91030,25
1380,91049,7
1381,91133,25
1382,91156,25
1383,91156,25
1384,91159,25
1385,91231,25
1386,91336,25
1387,91436,25
1388,91449,25
1389,91805,25
1390,91853,25
1391,91930,7
1392,92085,25
1393,92319,25
1394,92408,25
1395,92479,7
1396,92496,25
1397,92560,25
1398,92574,25
1399,92646,25
1400,92650,7
1401,92650,25
1402,92734,25
1403,92737,25
1404,92759,25
1405,92761,25
1406,92761,25
1407,92854,25
1408,92854,25
1409,92948,25
1410,93029,38
1411,93029,25
1412,93085,25
1413,93086,7
1414,93132,38
1415,93178,38
1416,93241,25
1417,93582,7
1418,93582,38
1419,93694,7
1420,93825,25
1421,94090,7
1422,94120,38
1423,94357,25
1424,94444,25
1425,94686,25
1426,94686,25
1427,94779,25
1428,94842,25
1429,94857,25
1430,94947,38
1431,94978,25
1432,95077,7
1433,95141,25
1434,95148,7
1435,95322,7
1436,95335,25
1437,95422,25
1438,95452,25
1439,95456,7
1440,95721,7
1441,95957,7
1442,96148,25
1443,96300,25
1444,96482,25
1445,96496,25
1446,96496,25
1447,96624,25
1448,96811,7
1449,96850,25
1450,96859,38
1451,96862,25
1452,96888,38
1453,96888,25
1454,96951,7
1455,97188,25
1456,97214,25
1457,97230,7
1458,97322,38
1459,97672,25
1460,97689,25
1461,97732,38
1462,97853,25
1463,97919,38
1464,97931,25
1465,97931,38
1466,97959,25
1467,98145,25
1468,98457,7
1469,98495,25
1470,98663,38
1471,98738,38
1472,98738,38
1473,98738,25
1474,98747,38
1475,98859,38
1476,98966,25
1477,99027,38
1478,99027,7
1479,99036,38
1480,99057,25
1481,99332,38
1482,99341,38
1483,99341,38
1484,99486,25
1485,99667,7
1486,99783,25
1487,99794,38
1488,99834,7
1489,99875,7
1490,99891,25
1491,100168,7
1492,100184,38
1493,100184,38
1494,100343,7
1495,100662,38
1496,100749,7
1497,100786,7
1498,100786,38
1499,100836,38
1500,100847,38
1501,100847,25
1502,100876,25
1503,100917,38
1504,100936,7
1505,100955,38
1506,101058,38
1507,101077,25
1508,101211,38
1509,101262,25
1510,101477,25
1511,101477,25
1512,101520,38
1513,101582,25
1514,101582,25
1515,101582,38
1516,101618,25
1517,101628,38
1518,101728,7
1519,101728,7
1520,101819,25
1521,101876,25
1522,101876,25
1523,101912,38
1524,101931,25
1525,101966,25
1526,102109,38
1527,102167,25
1528,102218,7
1529,102373,38
1530,102497,38
1531,102497,38
1532,102564,25
1533,102572,38
1534,102678,38
1535,102687,7
1536,102720,25
1537,102806,25
1538,103099,7
1539,103257,7
1540,103259,25
1541,103321,38
1542,103321,25
1543,103510,38
1544,103530,25
1545,103530,38
1546,103625,38
1547,103635,38
1548,103647,38
1549,103691,7
1550,103701,7
1551,103789,7
1552,103789,7
1553,103822,25
1554,103864,25
1555,104129,38
1556,104134,38
1557,104157,7
1558,104217,7
1559,104222,38
1560,104600,38
1561,104651,7
1562,104651,7
1563,104651,25
1564,104651,7
1565,104658,25
1566,104855,38
1567,104904,38
1568,104904,38
1569,104904,25
1570,104928,38
1571,104990,25
1572,105012,38
1573,105012,38
1574,105014,7
1575,105045,25
1576,105045,7
1577,105051,25
1578,105056,25
1579,105097,25
1580,105428,38
1581,105431,25
1582,105473,25
1583,105494,7
1584,105509,7
1585,105523,7
1586,105537,25
1587,105651,25
1588,105656,38
1589,105656,7
1590,105714,25
1591,105721,7
1592,105721,38
1593,105721,38
1594,105813,25
1595,106138,7
1596,106205,25
1597,106209,38
1598,106275,38
1599,106277,7
1600,106304,38
1601,106306,38
1602,106354,38
1603,106382,25
1604,106444,38
1605,106626,25
1606,106663,25
1607,106774,25
1608,106774,25
1609,106856,25
1610,106992,38
1611,107015,38
1612,107080,7
1613,107202,38
1614,107285,38
1615,107377,38
1616,107377,38
1617,107409,7
1618,107412,25
1619,107462,38
1620,107507,38
1621,107567,25
1622,107617,7
1623,107627,7
1624,107705,25
1625,107852,38
1626,107852,38
1627,107907,25
1628,108048,25
1629,108142,7
1630,108165,38
1631,108322,25
1632,108415,25
1633,108415,38
1634,108586,25
1635,108596,25
1636,108671,25
1637,108677,38
1638,108677,7
1639,108794,25
1640,108844,7
1641,108844,25
1642,108882,38
1643,108882,7
1644,109027,25
1645,109038,38
1646,109086,25
1647,109138,38
1648,109138,38
1649,109139,25
1650,109185,25
1651,109211,7
1652,109419,25
1653,109604,7
1654,109649,25
1655,109649,7
1656,109835,7
1657,109850,25
1658,109850,7
1659,109850,25
1660,109908,25
1661,109908,25
1662,109939,7
1663,110162,7
1664,110171,25
1665,110269,25
1666,110369,38
1667,110417,25
1668,110422,38
1669,110451,38
1670,110488,7
1671,110488,38
1672,110488,7
1673,110548,25
1674,110595,25
1675,110600,7
1676,110600,7
1677,110608,25
1678,110633,25
1679,110633,25
1680,110709,38
1681,110709,7
1682,110720,25
1683,110770,25
1684,110866,7
1685,110866,7
1686,110866,7
1687,111015,7
1688,111098,7
1689,111117,25
1690,111130,38
1691,111434,7
1692,111548,25
1693,111624,7
1694,111644,25
1695,111694,25
1696,111826,38
1697,111826,25
1698,111848,25
1699,111919,7
1700,112136,25
1701,112161,25
1702,112161,25
1703,112161,25
1704,112202,38
1705,112214,25
1706,112217,38
1707,112217,25
1708,112220,38
1709,112220,38
1710,112231,25
1711,112263,25
1712,112436,25
1713,112436,7
1714,112518,25
1715,112569,25
1716,112569,25
1717,112591,38
1718,112591,25
1719,112728,38
1720,112866,38
1721,113262,38
1722,113323,25
1723,113333,25
1724,113373,7
1725,113480,25
1726,113666,25
1727,113902,38
1728,114017,25
1729,114102,25
1730,114153,25
1731,114180,7
1732,114200,25
1733,114268,25
1734,114287,25
1735,114292,7
1736,114354,25
1737,114458,25
1738,114471,25
1739,114471,25
1740,114471,25
1741,114519,25
1742,114594,7
1743,114603,38
1744,114686,7
1745,114722,7
1746,114933,7
1747,114933,7
1748,115133,25
1749,115133,25
1750,115133,25
1751,115201,38
1752,115287,7
1753,115452,25
1754,115469,25
1755,115579,38
1756,115632,38
1757,115700,25
1758,115771,25
1759,115788,25
1760,115835,25
1761,115835,25
1762,115944,7
1763,116075,25
1764,116205,38
1765,116336,25
1766,116408,25
1767,116440,38
1768,116440,38
1769,116458,25
1770,116483,25
1771,116483,25
1772,116483,38
1773,116488,25
1774,116499,7
1775,116544,7
1776,116696,25
1777,116701,25
1778,116722,25
1779,116766,25
1780,116766,7
1781,116856,25
1782,116900,25
1783,116931,7
1784,116963,7
1785,116999,25
1786,117025,38
1787,117201,25
1788,117273,25
1789,117273,7
1790,117391,38
1791,117418,38
1792,117423,7
1793,117487,7
1794,117626,7
1795,117737,38
1796,117916,38
1797,117979,38
1798,118024,25
1799,118040,25
1800,118062,7
1801,118217,7
1802,118239,38
1803,118432,25
1804,118457,25
1805,118544,7
1806,118577,7
1807,118598,7
1808,118653,7
1809,118676,25
1810,118844,7
1811,118892,25
1812,118898,25
1813,118909,25
1814,118917,38
1815,118953,7
1816,118969,38
1817,119504,7
1818,119575,25
1819,119625,25
1820,119725,7
1821,119809,7
1822,119930,25
1823,119996,7
1824,120049,25
1825,120050,7
1826,120071,38
1827,120086,25
1828,120137,38
1829,120137,38
1830,120148,25
1831,120148,25
1832,120274,38
1833,120339,38
1834,120352,38
1835,120387,25
1836,120535,38
1837,120561,25
1838,120588,7
1839,120653,25
1840,120672,38
1841,120759,25
1842,120888,38
1843,120942,25
1844,120999,38
1845,121056,7
1846,121070,7
1847,121189,38
1848,121189,25
1849,121281,38
1850,121584,38
1851,121790,38
1852,121802,38
1853,121877,7
1854,121893,25
1855,122283,25
1856,122283,38
1857,122344,38
1858,122367,38
1859,122367,38
1860,122396,25
1861,122396,25
1862,122714,25
1863,122815,38
1864,122823,25
1865,122839,38
1866,122882,38
1867,122903,38
1868,122906,38
1869,123120,25
1870,123120,7
1871,123244,25
1872,123244,38
1873,123249,7
1874,123419,7
1875,123471,7
1876,123508,38
1877,123595,25
1878,123684,38
1879,123715,38
1880,123811,7
1881,123853,25
1882,123922,38
1883,124023,25
1884,124091,38
1885,124122,25
1886,124176,25
1887,124256,7
1888,124452,38
1889,124477,38
1890,124545,25
1891,124575,7
1892,124631,38
1893,124631,25
1894,124733,25
1895,124802,25
1896,124856,25
1897,124922,7
1898,124949,38
1899,124960,7
1900,124961,25
1901,124961,25
1902,125028,25
1903,125028,7
1904,125047,7
1905,125146,7
1906,125201,25
1907,125269,38
1908,125393,25
1909,125436,25
1910,125472,25
1911,125633,7
1912,125701,25
1913,125774,38
1914,126103,38
1915,126118,25
1916,126118,25
1917,126121,25
1918,126217,25
1919,126273,25
1920,126306,25
1921,126407,38
1922,126437,25
1923,126455,7
1924,126476,25
1925,126543,25
1926,126560,25
1927,126673,25
1928,126728,7
1929,127057,38
1930,127057,7
1931,127089,25
1932,127188,7
1933,127266,25
1934,127354,7
1935,127354,38
1936,127489,25
1937,127489,25
1938,127624,25
1939,127675,25
1940,127686,25
1941,127766,38
1942,127880,25
1943,127880,38
1944,127924,38
1945,127924,25
1946,127935,7
1947,128316,25
1948,128605,25
1949,128635,7
1950,128683,25
1951,128683,25
1952,128696,25
1953,128759,25
1954,128759,25
1955,128772,38
1956,128876,25
1957,128884,25
1958,128979,25
1959,128979,25
1960,129240,7
1961,129240,7
1962,129240,25
1963,129247,7
1964,129339,25
1965,129350,7
1966,129398,38
1967,129485,38
1968,129596,25
1969,129693,25
1970,129745,38
1971,129794,25
1972,129808,38
1973,129808,7
1974,129854,38
1975,129863,25
1976,130003,38
1977,130013,25
1978,130124,38
1979,130144,25
1980,130335,38
1981,130533,25
1982,130582,25
1983,130605,25
1984,130763,7
1985,130772,25
1986,130856,25
1987,130871,25
1988,131020,25
1989,131020,25
1990,131373,7
1991,131451,25
1992,131451,7
1993,131451,25
1994,131483,25
1995,131546,25
1996,131666,25
1997,131902,25
1998,131902,25
1999,131910,25
2000,131993,25
2001,131998,25
2002,131998,7
2003,132033,25
2004,132063,38
2005,132111,25
2006,132113,25
2007,132213,25
2008,132228,25
2009,132313,25
2010,132413,25
2011,132426,38
2012,132426,25
2013,132510,38
2014,132604,25
2015,132638,25
2016,132739,25
2017,132781,7
2018,132982,7
2019,132999,38
2020,133040,25
2021,133147,25
2022,133147,25
2023,133211,7
2024,133379,25
2025,133440,25
2026,133440,7
2027,133709,25
2028,133717,38
2029,133739,25
2030,133770,25
2031,133817,25
2032,133817,25
2033,133841,25
2034,133841,25
2035,133904,25
2036,133904,25
2037,133932,38
2038,133982,25
2039,133982,25
2040,133993,25
2041,134004,25
2042,134299,38
2043,134462,25
2044,134480,25
2045,134514,25
2046,134514,25
2047,134515,7
2048,134836,25
2049,134838,38
2050,134838,25
2051,134860,25
2052,134907,25
2053,134911,25
2054,134911,25
2055,135012,25
2056,135012,25
2057,135066,38
2058,135119,25
2059,135183,25
2060,135193,25
2061,135249,25
2062,135376,38
2063,135376,38
2064,135380,38
2065,135417,25
2066,135651,25
2067,135658,25
2068,135668,25
2069,135668,25
2070,135668,25
2071,135714,25
2072,135812,25
2073,135840,25
2074,135942,25
2075,136019,25
2076,136091,38
2077,136091,25
2078,136091,25
2079,136253,25
2080,136253,25
2081,136254,25
2082,136291,38
2083,136312,7
2084,136348,7
2085,136348,7
2086,136465,25
2087,136513,38
2088,136613,7
2089,136613,7
2090,136651,25
2091,136762,7
2092,136830,25
2093,136835,25
2094,136835,25
2095,136837,38
2096,136927,25
2097,136992,25
2098,137058,38
2099,137316,38
2100,137392,25
2101,137414,25
2102,137516,25
2103,137592,25
2104,137606,25
2105,137625,25
2106,137666,25
2107,137920,38
2108,137980,25
2109,138122,7
2110,138128,25
2111,138128,7
2112,138193,38
2113,138211,7
2114,138264,25
2115,138274,25
2116,138367,25
2117,138375,25
2118,138549,25
2119,138765,25
2120,138799,25
2121,138865,25
2122,138885,25
2123,138918,25
2124,139094,38
2125,139107,38
2126,139116,38
2127,139285,7
2128,139344,25
2129,139420,7
2130,139420,38
2131,139578,25
2132,139689,38
2133,139702,38
2134,139741,25
2135,139788,25
2136,139909,25
2137,139985,25
2138,139985,25
2139,139985,7
2140,140036,38
2141,140064,7
2142,140115,25
2143,140134,7
2144,140134,25
2145,140138,25
2146,140233,25
2147,140326,25
2148,140383,7
2149,140383,25
2150,140454,25
2151,140475,7
2152,140499,7
2153,140639,25
2154,140649,38
2155,140707,7
2156,140708,38
2157,140745,7
2158,140788,25
2159,140816,38
2160,140916,7
2161,140964,25
2162,140964,7
2163,140997,7
2164,141139,7
2165,141139,7
2166,141156,25
2167,141448,25
2168,141472,38
2169,141484,25
2170,141532,25
2171,141569,7
2172,141584,25
2173,141664,25
2174,141987,25
2175,141987,25
2176,142101,38
2177,142101,25
2178,142256,7
2179,142386,25
2180,142446,25
2181,142446,38
2182,142460,25
2183,142502,25
2184,142736,38
2185,142779,25
2186,142819,25
2187,142819,38
2188,142913,25
2189,142913,7
2190,142995,7
2191,143020,25
2192,143020,25
2193,143022,25
2194,143098,25
2195,143206,25
2196,143313,25
2197,143313,25
2198,143375,7
2199,143595,7
2200,143595,7
2201,143669,38
2202,143670,38
2203,143782,38
2204,143884,38
2205,143890,25
2206,144012,25
2207,144012,38
2208,144020,25
2209,144163,7
2210,144183,25
2211,144258,7
2212,144343,25
2213,144385,25
2214,144410,25
2215,144484,7
2216,144637,25
2217,144733,38
2218,144765,7
2219,144831,25
2220,144919,25
2221,144990,38
2222,144990,38
2223,145151,25
2224,145151,38
2225,145153,38
2226,145166,25
2227,145244,25
2228,145304,25
2229,145304,25
2230,145560,25
2231,145655,38
2232,145751,25
2233,145751,38
2234,145846,7
2235,145846,25
2236,145897,25
2237,145936,38
2238,145936,25
2239,145945,38
2240,145974,25
2241,145989,38
2242,145991,7
2243,146027,7
2244,146053,25
2245,146091,25
2246,146212,38
2247,146219,38
2248,146250,25
2249,146267,38
2250,146387,7
2251,146430,25
2252,146496,25
2253,146500,38
2254,146509,7
2255,146591,38
2256,146994,38
2257,147033,25
2258,147062,7
2259,147077,38
2260,147087,38
2261,147092,38
2262,147114,38
2263,147177,38
2264,147244,7
2265,147312,7
2266,147445,7
2267,147499,7
2268,147537,38
2269,147537,25
2270,147567,7
2271,147594,7
2272,147594,38
2273,147603,25
2274,147673,7
2275,147731,38
2276,147742,7
2277,147743,25
2278,147768,25
2279,147925,25
2280,147936,25
2281,148005,38
2282,148025,7
2283,148031,25
2284,148031,25
2285,148234,25
2286,148293,38
2287,148462,38
2288,148484,25
2289,148515,25
2290,148525,38
2291,148532,38
2292,148589,25
2293,148589,25
2294,148589,25
2295,148632,25
2296,148800,7
2297,148837,25
2298,149283,38
2299,149459,25
2300,149459,25
2301,149488,7
2302,149653,38
2303,149663,38
2304,149826,38
2305,149854,7
2306,149936,38
2307,149936,7
2308,150026,38
2309,150103,38
2310,150124,38
2311,150167,25
2312,150247,25
2313,150304,25
2314,150367,7
2315,150790,7
2316,150844,25
2317,150847,25
2318,150879,7
2319,150899,25
2320,150916,7
2321,150916,25
2322,150924,25
2323,150970,38
2324,151038,25
2325,151111,25
2326,151111,25
2327,151200,25
2328,151273,25
2329,151478,25
2330,151527,25
2331,151527,38
2332,151550,7
2333,151560,25
2334,151560,7
2335,151582,25
2336,151601,25
2337,151611,38
2338,151631,25
2339,151676,25
2340,151702,25
2341,151714,25
2342,151751,25
2343,151856,7
2344,151908,25
2345,152090,38
2346,152100,25
2347,152397,7
2348,152593,25
2349,152594,7
2350,152626,25
2351,152664,38
2352,152695,38
2353,152754,25
2354,152779,38
2355,152800,25
2356,152913,38
2357,152948,25
2358,152960,25
2359,153120,25
2360,153154,7
2361,153194,7
2362,153206,25
2363,153213,25
2364,153315,25
2365,153349,7
2366,153476,7
2367,153538,38
2368,153565,25
2369,153622,7
2370,153788,25
2371,153829,25
2372,154007,38
2373,154101,7
2374,154114,25
2375,154140,38
2376,154140,38
2377,154168,7
2378,154168,38
2379,154206,25
2380,154238,25
2381,154333,25
2382,154401,25
2383,154483,7
2384,154483,25
2385,154525,25
2386,154681,25
2387,154681,7
2388,154848,38
2389,154902,38
2390,154923,7
2391,155025,25
2392,155030,7
2393,155040,38
2394,155072,25
2395,155437,25
2396,155437,25
2397,155541,25
2398,155541,25
2399,155541,25
2400,155577,38
2401,155578,38
2402,155752,25
2403,155788,25
2404,155788,25
2405,155793,25
2406,155808,25
2407,155813,25
2408,155918,38
2409,155923,25
2410,155972,7
2411,155974,25
2412,155987,38
2413,155987,25
2414,155996,38
2415,156286,38
2416,156416,25
2417,156431,7
2418,156498,38
2419,156676,25
2420,156676,25
2421,156782,7
2422,156782,7
2423,156796,25
2424,156808,38
2425,156925,7
2426,157131,25
2427,157206,25
2428,157426,25
2429,157461,7
2430,157800,38
2431,157809,25
2432,157897,38
2433,157918,38
2434,158054,38
2435,158054,25
2436,158054,38
2437,158099,38
2438,158099,25
2439,158199,38
2440,158208,7
2441,158354,25
2442,158365,38
2443,158365,38
2444,158405,7
2445,158422,38
2446,158431,7
2447,158447,38
2448,158533,25
2449,158533,7
2450,158569,25
2451,158635,25
2452,158641,38
2453,158689,25
2454,158811,7
2455,158910,25
2456,158929,25
2457,158987,25
2458,159062,25
2459,159090,25
2460,159242,7
2461,159242,25
2462,159265,25
2463,159303,25
2464,159542,38
2465,159721,38
2466,159734,25
2467,159743,25
2468,159743,38
2469,159748,25
2470,159770,25
2471,159852,38
2472,159852,38
2473,159941,25
2474,159963,25
2475,159963,38
2476,160001,7
2477,160096,7
2478,160113,7
2479,160221,7
2480,160359,25
2481,160422,25
2482,160634,38
2483,160634,38
2484,160695,38
2485,160710,7
2486,160735,38
2487,160859,7
2488,160947,38
2489,160983,38
2490,160983,25
2491,161146,25
2492,161161,38
2493,161176,25
2494,161235,25
2495,161403,7
2496,161448,38
2497,161481,38
2498,161654,25
2499,161687,25
2500,161773,38
2501,161832,38
2502,161866,25
2503,162015,25
2504,162054,25
2505,162097,7
2506,162227,7
2507,162331,25
2508,162446,25
2509,162517,25
2510,162621,25
2511,162649,25
2512,162728,25
2513,162767,7
2514,162826,25
2515,162855,7
2516,162863,25
2517,162882,25
2518,162892,25
2519,162932,7
2520,162940,25
2521,163064,38
2522,163278,38
2523,163297,38
2524,163297,7
2525,163352,7
2526,163437,7
2527,163474,7
2528,163567,25
2529,163614,7
2530,163651,25
2531,163671,25
2532,163694,25
2533,163728,38
2534,163739,25
2535,163797,7
2536,163797,25
2537,163846,7
2538,163857,38
2539,163963,38
2540,164018,25
2541,164060,7
2542,164060,7
2543,164148,38
2544,164183,7
2545,164225,7
2546,164244,25
2547,164283,7
2548,164309,38
2549,164353,25
2550,164370,25
2551,164418,38
2552,164437,25
2553,164446,25
2554,164458,38
2555,164518,25
2556,164657,25
2557,164657,25
2558,164683,38
2559,164692,38
2560,164692,7
2561,164692,25
2562,164698,25
2563,164741,25
2564,164760,7
2565,164797,38
2566,164880,25
2567,164971,7
2568,165284,7
2569,165284,38
2570,165335,25
2571,165347,25
2572,165397,7
2573,165415,38
2574,165468,38
2575,165479,7
2576,165556,7
2577,165704,25
2578,165704,25
2579,165704,25
2580,165785,38
2581,165800,7
2582,165827,38
2583,165879,25
2584,165902,7
2585,166067,38
2586,166070,25
2587,166094,7
2588,166114,25
2589,166244,25
2590,166244,25
2591,166316,7
2592,166437,38
2593,166503,38
2594,166503,25
2595,166526,25
2596,166632,25
2597,166690,7
2598,166698,7
2599,166698,7
2600,166698,25
2601,166710,25
2602,166710,25
2603,166773,7
2604,166877,38
2605,166948,38
2606,167018,25
2607,167127,25
2608,167246,7
2609,167389,7
2610,167465,7
2611,167625,7
2612,167627,7
2613,167655,7
2614,167693,7
2615,167736,25
2616,167812,38
2617,167957,25
2618,167981,25
2619,168156,25
2620,168156,38
2621,168272,38
2622,168337,7
2623,168501,25
2624,168603,38
2625,168607,25
2626,168607,25
2627,168607,25
2628,168724,25
2629,168737,38
2630,168741,38
2631,168894,25
2632,169001,38
2633,169058,25
2634,169199,38
2635,169330,25
2636,169376,7
2637,169412,38
2638,169476,25
2639,169562,25
2640,169571,25
2641,169736,7
2642,169736,25
2643,169766,38
2644,169859,25
2645,169860,7
2646,169866,38
2647,169876,25
2648,169899,38
2649,169986,38
2650,169993,25
2651,170018,7
2652,170105,7
2653,170105,7
2654,170112,38
2655,170153,38
2656,170243,7
2657,170243,7
2658,170243,25
2659,170331,7
2660,170338,38
2661,170357,38
2662,170357,25
2663,170463,7
2664,170465,25
2665,170614,25
2666,170637,7
2667,170637,7
2668,170639,38
2669,170685,7
2670,170729,7
2671,170822,25
2672,170875,38
2673,170899,7
2674,171072,25
2675,171072,38
2676,171096,38
2677,171187,7
2678,171235,7
2679,171235,7
2680,171268,38
2681,171273,25
2682,171281,38
2683,171281,38
2684,171281,7
2685,171365,25
2686,171386,25
2687,171512,25
2688,171564,38
2689,171566,7
2690,171566,7
2691,171753,25
2692,171805,25
2693,171924,7
2694,172017,38
2695,172112,25
2696,172148,25
2697,172148,25
2698,172173,25
2699,172383,25
2700,172609,7
2701,172703,25
2702,172845,25
2703,172913,38
2704,172916,7
2705,172916,25
2706,173357,38
2707,173404,25
2708,173483,7
2709,173664,25
2710,173673,25
2711,173744,25
2712,173799,7
2713,173963,25
2714,174034,25
2715,174328,38
2716,174328,25
2717,174337,25
2718,174416,38
2719,174458,25
2720,174714,25
2721,174761,38
2722,174875,25
2723,175164,25
2724,175171,25
2725,175173,38
2726,175242,25
2727,175267,25
2728,175310,25
2729,175310,7
2730,175327,38
2731,175362,25
2732,175426,7
2733,175473,25
2734,175538,25
2735,175546,38
2736,175629,38
2737,175651,38
2738,175704,25
2739,175922,7
2740,175939,25
2741,176130,25
2742,176224,38
2743,176237,7
2744,176252,7
2745,176415,25
2746,176531,25
2747,176531,25
2748,176537,25
2749,176576,25
2750,176600,25
2751,176600,25
2752,176600,25
2753,176606,25
2754,176634,25
2755,176795,25
2756,176838,25
2757,176862,38
2758,176872,38
2759,176936,7
2760,176936,7
2761,176936,25
2762,176998,7
2763,177018,25
2764,177057,25
2765,177080,25
2766,177116,25
2767,177120,25
2768,177218,38
2769,177364,25
2770,177490,25
2771,177493,7
2772,177500,7
2773,177518,25
2774,177572,7
2775,177573,25
2776,177695,25
2777,177726,25
2778,177764,38
2779,177764,25
2780,177764,25
2781,177771,25
2782,177803,25
2783,177852,25
2784,177860,25
2785,178088,7
2786,178165,7
2787,178165,25
2788,178165,7
2789,178168,25
2790,178229,7
2791,178314,25
2792,178346,25
2793,178359,38
2794,178359,38
2795,178359,25
2796,178454,7
2797,178456,7
2798,178552,38
2799,178637,25
2800,178781,25
2801,178814,25
2802,178842,38
2803,179084,7
2804,179236,38
2805,179236,25
2806,179265,7
2807,179272,25
2808,179276,25
2809,179295,25
2810,179636,7
2811,179663,38
2812,179942,25
2813,180012,25
2814,180044,25
2815,180066,25
2816,180179,7
2817,180221,7
2818,180316,25
2819,180370,25
2820,180542,38
2821,180581,25
2822,180595,25
2823,180595,25
2824,180595,38
2825,180595,25
2826,180646,25
2827,180787,7
2828,180873,25
2829,181038,25
2830,181173,38
2831,181289,25
2832,181289,38
2833,181329,38
2834,181332,38
2835,181467,7
2836,181622,38
2837,181770,38
2838,181814,38
2839,181838,38
2840,181924,25
2841,181986,7
2842,182069,7
2843,182204,38
2844,182235,7
2845,182647,7
2846,182751,7
2847,182797,7
2848,182955,25
2849,182964,38
2850,183023,7
2851,183043,25
2852,183068,25
2853,183083,25
2854,183095,25
2855,183095,7
2856,183095,38
2857,183325,38
2858,183406,7
2859,183553,25
2860,183657,25
2861,183789,25
2862,183799,25
2863,183799,25
2864,183799,7
2865,183808,38
2866,183903,25
2867,183953,25
2868,184048,38
2869,184175,25
2870,184266,25
2871,184450,7
2872,184464,7
2873,184590,38
2874,184760,25
2875,184772,25
2876,184833,38
2877,184844,7
2878,184940,38
2879,185103,25
2880,185194,38
2881,185228,25
2882,185478,7
2883,185530,7
2884,185543,25
2885,185594,7
2886,185618,38
2887,185648,25
2888,185648,25
2889,185730,25
2890,185730,38
2891,185750,25
2892,185829,7
2893,185848,38
2894,185952,7
2895,186034,38
2896,186061,25
2897,186061,25
2898,186167,25
2899,186216,7
2900,186254,7
2901,186254,38
2902,186284,25
2903,186354,7
2904,186388,7
2905,186419,38
2906,186419,7
2907,186499,7
2908,186501,25
2909,186501,25
2910,186594,7
2911,186594,7
2912,186631,25
2913,186674,25
2914,186683,25
2915,186683,38
2916,186683,25
2917,186700,25
2918,186752,7
2919,186803,7
2920,186921,7
2921,186921,7
2922,186921,7
2923,186921,7
2924,186976,7
2925,186976,7
2926,187017,38
2927,187024,38
2928,187198,25
2929,187198,25
2930,187213,38
2931,187294,25
2932,187384,25
2933,187430,38
2934,187434,7
2935,187750,38
2936,187999,7
2937,187999,25
2938,188107,7
2939,188107,38
2940,188154,38
2941,188195,7
2942,188232,25
2943,188283,7
2944,188304,38
2945,188304,7
2946,188325,38
2947,188325,25
2948,188411,25
2949,188634,7
2950,188704,25
2951,188771,25
2952,188804,7
2953,188898,38
2954,188905,25
2955,188905,7
2956,188905,7
2957,188964,7
2958,189023,38
2959,189036,38
2960,189152,7
2961,189191,38
2962,189199,38
2963,189199,38
2964,189371,25
2965,189396,38
2966,189431,7
2967,189480,25
2968,189488,7
2969,189540,38
2970,189638,25
2971,189865,25
2972,189988,25
2973,190063,25
2974,190063,25
2975,190124,25
2976,190168,25
2977,190168,25
2978,190196,25
2979,190214,38
2980,190287,38
2981,190386,7
2982,190462,38
2983,190537,25
2984,190565,38
2985,190581,7
2986,190696,7
2987,190756,25
2988,190877,38
2989,190881,7
2990,190963,7
2991,191015,38
2992,191023,7
2993,191023,38
2994,191133,25
2995,191158,38
2996,191164,38
2997,191225,38
2998,191256,38
2999,191337,25
